NN hyperparamerter tuning,,,,,,
hidden_size,dropout,,,,,
epoch,lr,batch_size,L1,L2,Train_loss,Val_loss
"[2048, 2048]","[0, 0.35, 0.2]",,,,,
125,0.000530215,85,1.41E-05,7.74E-05,0.016197113,0.017554231
"[2048, 2048]","[0, 0.35, 0.2]",,,,,
125,0.000530215,85,1.00E-05,5.00E-05,0.015528559,0.01732497
"[2048, 2048]","[0, 0.4, 0.2]",,,,,
125,0.000530215,85,1.00E-05,3.00E-05,0.015554896,0.01727704